Keywords,Subject
Three,Chemistry
Fundamental,Chemistry
Laws,Chemistry
of,Chemistry
Search,Chemistry
Home,Chemistry
Foundations,Chemistry
Atoms,Chemistry
Molecules,Chemistry
Chemical,Chemistry
Quantities,Chemistry
Stoichiometry,Chemistry
Types,Chemistry
Reactions,Chemistry
Solution,Chemistry
Gases,Chemistry
Thermochemistry,Chemistry
Quantum,Chemistry
Mechanical,Chemistry
View,Chemistry
Atom,Chemistry
Periodicity,Chemistry
Bonding,Chemistry
Covalent,Chemistry
Molecular,Chemistry
Orbitals,Chemistry
Liquids,Chemistry
Solids,Chemistry
Intermolecular,Chemistry
Forces,Chemistry
Solutions,Chemistry
Their,Chemistry
Properties,Chemistry
SEMESTER,Chemistry
Kinetics,Chemistry
Equilibrium,Chemistry
Acids,Chemistry
Bases,Chemistry
Applications,Chemistry
Acid,Chemistry
Base,Chemistry
Equilibria,Chemistry
Spontaneity,Chemistry
Entropy,Chemistry
Energy,Chemistry
Electrochemistry,Chemistry
Transition,Chemistry
Metals,Chemistry
Coordination,Chemistry
Nucleus,Chemistry
Nuclear,Chemistry
Introduction,Chemistry
Organic,Chemistry
Structural,Chemistry
Nature,Chemistry
Compounds,Chemistry
Alkanes,Chemistry
Cycloalkanes,Chemistry
Stereochemistry,Chemistry
Structures,Chemistry
Study,Chemistry
Overview,Chemistry
Structure,Chemistry
Reactivity,Chemistry
Alkenes,Chemistry
Synthesis,Chemistry
Alkynes,Chemistry
Alkyl,Chemistry
Halides,Chemistry
X,Chemistry
Substitution,Chemistry
Elimination,Chemistry
Mass,Chemistry
Spectrometry,Chemistry
IR,Chemistry
Spectroscopy,Chemistry
NMR,Chemistry
Conjugated,Chemistry
Systems,Chemistry
UV,Chemistry
Aromatic,Chemistry
Aromaticity,Chemistry
Electrophilic,Chemistry
Alcohols,Chemistry
Ethers,Chemistry
Epoxides,Chemistry
Sulfides,Chemistry
Aldehydes,Chemistry
Ketones,Chemistry
Nucleophilic,Chemistry
Addition,Chemistry
Carboxylic,Chemistry
Derivatives,Chemistry
Acyl,Chemistry
Carbonyl,Chemistry
Alpha,Chemistry
Condensation,Chemistry
Amines,Chemistry
Entire,Chemistry
Check,Chemistry
length,Chemistry
through,Chemistry
covers,Chemistry
need,Chemistry
know,Chemistry
following,Chemistry
textbook,Chemistry
topics,Chemistry
Law,Chemistry
Conservation,Chemistry
Definite,Chemistry
Proportions,Chemistry
Multiple,Chemistry
Dalton,Chemistry
Atomic,Chemistry
Early,Chemistry
Experiments,Chemistry
Characterize,Chemistry
Electron,Chemistry
J,Chemistry
Thomson,Chemistry
Cathode,Chemistry
Ray,Chemistry
Plum,Chemistry
Pudding,Chemistry
Model,Chemistry
Robert,Chemistry
Millikan,Chemistry
Ernest,Chemistry
Brief,Chemistry
Modern,Chemistry
Electrons,Chemistry
Protons,Chemistry
Isotopes,Chemistry
Symbol,Chemistry
Notation,Chemistry
Hyphen,Chemistry
Number,Chemistry
vs,Chemistry
Z,Chemistry
Bonds,Chemistry
Ionic,Chemistry
Cations,Chemistry
Anions,Chemistry
Periodic,Chemistry
Table,Chemistry
Nonmetals,Chemistry
Metalloids,Chemistry
Group,Chemistry
Alkali,Chemistry
Alkaline,Chemistry
earth,Chemistry
Groups,Chemistry
Halogens,Chemistry
Noble,Chemistry
Naming,Chemistry
Binary,Chemistry
with,Chemistry
Charges,Chemistry
Some,Chemistry
Common,Chemistry
Polyatomic,Chemistry
List,Chemistry
Rules,Chemistry
for,Chemistry
Prefixes,Chemistry
mono,Chemistry
di,Chemistry
tri,Chemistry
tetra,Chemistry
penta,Chemistry
hexa,Chemistry
hepta,Chemistry
octa,Chemistry
nona,Chemistry
deca,Chemistry
Oxyacids,Chemistry
first,Chemistry
are,Chemistry
simply,Chemistry
click,Chemistry
button,Chemistry
Purchase,Chemistry
instantly,Chemistry
download,Chemistry
follow,Chemistry
link,Chemistry
Want,Chemistry
Videos,Chemistry
Channel,Chemistry
only,Chemistry
give,Chemistry
youthe,Chemistry
from,Chemistry
each,Chemistry
Inside,Chemistry
Hmm,Chemistry
ACCESS,Chemistry
YES,Chemistry
PLEASE,Chemistry
Individual,Chemistry
Samples,Chemistry
choosing,Chemistry
results,Chemistry
Scientific,Chemistry
Method,Chemistry
Examples,Chemistry
at,Chemistry
correlates,Chemistry
chapter,Chemistry
your,Chemistry
This,Chemistry
Macroscopic,Chemistry
Microscopic,Chemistry
Qualitative,Chemistry
Observations,Chemistry
Quantitative,Chemistry
Formulating,Chemistry
Hypothesis,Chemistry
Testing,Chemistry
Theory,Chemistry
Units,Chemistry
Measurement,Chemistry
SI,Chemistry
Derived,Chemistry
Seven,Chemistry
Uncertainty,Chemistry
Significant,Chemistry
Figures,Chemistry
Sig,Chemistry
Figs,Chemistry
Errors,Chemistry
Random,Chemistry
Human,Chemistry
Systematic,Chemistry
Instrumentation,Chemistry
Accuracy,Chemistry
Calculations,Chemistry
Counting,Chemistry
Nonzero,Chemistry
Numbers,Chemistry
Leading,Chemistry
Zeros,Chemistry
Captive,Chemistry
Inclusive,Chemistry
Trailing,Chemistry
Exact,Chemistry
Counted,Chemistry
Mathematical,Chemistry
Operations,Chemistry
Multiplication,Chemistry
Division,Chemistry
Dimensional,Chemistry
Analysis,Chemistry
Unit,Chemistry
Conversion,Chemistry
Factors,Chemistry
Volume,Chemistry
Pressure,Chemistry
Temperature,Chemistry
Density,Chemistry
Classification,Chemistry
Matter,Chemistry
Heterogeneous,Chemistry
Mixtures,Chemistry
Homogeneous,Chemistry
Pure,Chemistry
Substances,Chemistry
Physical,Chemistry
Changes,Chemistry
Percent,Chemistry
How,Chemistry
Find,Chemistry
Empirical,Chemistry
Formula,Chemistry
Masses,Chemistry
Carbon,Chemistry
Standard,Chemistry
Weighted,Chemistry
Mole,Chemistry
Avogadro,Chemistry
Molar,Chemistry
Weight,Chemistry
Determining,Chemistry
Composition,Chemistry
Equations,Chemistry
Reactants,Chemistry
Products,Chemistry
Balancing,Chemistry
Word,Chemistry
Reaction,Chemistry
Coefficients,Chemistry
Stoichiometric,Chemistry
Limiting,Chemistry
Reactant,Chemistry
Excess,Chemistry
Calculating,Chemistry
Yield,Chemistry
Actual,Chemistry
Theoretical,Chemistry
Aqueous,Chemistry
Concentration,Chemistry
Water,Chemistry
Solvent,Chemistry
Polar,Chemistry
Molecule,Chemistry
Solutes,Chemistry
Solvents,Chemistry
Hydration,Chemistry
Solvation,Chemistry
Nonpolar,Chemistry
Electrolytes,Chemistry
Strong,Chemistry
Weak,Chemistry
Non,Chemistry
Concentrations,Chemistry
Molarity,Chemistry
Dilutions,Chemistry
Dilute,Chemistry
Concentrated,Chemistry
Precipitation,Chemistry
Double,Chemistry
Displacement,Chemistry
Formation,Chemistry
Precipitate,Chemistry
Solubility,Chemistry
Complete,Chemistry
Spectator,Chemistry
Net,Chemistry
Volumetric,Chemistry
Titrations,Chemistry
Titrants,Chemistry
Analytes,Chemistry
Burets,Chemistry
Indicators,Chemistry
Point,Chemistry
Equivalence,Chemistry
Oxidation,Chemistry
Reduction,Chemistry
Redox,Chemistry
Assigning,Chemistry
States,Chemistry
Oxidizing,Chemistry
Agent,Chemistry
Reducing,Chemistry
OIL,Chemistry
Half,Chemistry
Writing,Chemistry
Acidic,Chemistry
Basic,Chemistry
Gas,Chemistry
Atmospheric,Chemistry
Barometer,Chemistry
Two,Chemistry
Affecting,Chemistry
Barometric,Chemistry
mm,Chemistry
Hg,Chemistry
torr,Chemistry
atm,Chemistry
Boyle,Chemistry
Charles,Chemistry
Combined,Chemistry
Ideal,Chemistry
Universal,Chemistry
Constant,Chemistry
STP,Chemistry
Rearranging,Chemistry
Partial,Chemistry
Kinetic,Chemistry
KMT,Chemistry
Four,Chemistry
Postulates,Chemistry
Meaning,Chemistry
Relationship,Chemistry
between,Chemistry
Root,Chemistry
Mean,Chemistry
Square,Chemistry
Diffusion,Chemistry
Effusion,Chemistry
Rates,Chemistry
Graham,Chemistry
Real,Chemistry
What,Chemistry
Does,Chemistry
it,Chemistry
Behave,Chemistry
Ideally,Chemistry
Van,Chemistry
Der,Chemistry
Waals,Chemistry
Equation,Chemistry
Corrected,Chemistry
Practice,Chemistry
Problems,Chemistry
Potential,Chemistry
Difference,Chemistry
Heat,Chemistry
q,Chemistry
Transfer,Chemistry
System,Chemistry
Surroundings,Chemistry
Exothermic,Chemistry
Endothermic,Chemistry
Internal,Chemistry
delta,Chemistry
Work,Chemistry
External,Chemistry
Calorimetry,Chemistry
Capacity,Chemistry
Specific,Chemistry
Gained,Chemistry
Coffee,Chemistry
Cup,Chemistry
Change,Chemistry
Enthalpy,Chemistry
State,Chemistry
Hess,Chemistry
Enthalpies,Chemistry
Electromagnetic,Chemistry
Waves,Chemistry
Spectrum,Chemistry
Bohr,Chemistry
Radiation,Chemistry
EMR,Chemistry
Visible,Chemistry
Light,Chemistry
VYBOGR,Chemistry
Complementary,Chemistry
Colors,Chemistry
Wavelength,Chemistry
Frequency,Chemistry
Max,Chemistry
Planck,Chemistry
Albert,Chemistry
Einstein,Chemistry
Photon,Chemistry
Wave,Chemistry
Particle,Chemistry
Duality,Chemistry
deBroglie,Chemistry
Hydrogen,Chemistry
Line,Chemistry
Emission,Chemistry
Spectra,Chemistry
Quantized,Chemistry
Principal,Chemistry
Angular,Chemistry
Momentum,Chemistry
Magnetic,Chemistry
Spin,Chemistry
Polyelectronic,Chemistry
Degenerate,Chemistry
Configurations,Chemistry
Diagonal,Chemistry
Rule,Chemistry
Hund,Chemistry
Orbital,Chemistry
Core,Chemistry
Valence,Chemistry
Trends,Chemistry
Radius,Chemistry
Ionization,Chemistry
Affinity,Chemistry
Bond,Chemistry
Polarity,Chemistry
Dipole,Chemistry
Moment,Chemistry
Coulomb,Chemistry
Diagram,Chemistry
Electronegativity,Chemistry
Overall,Chemistry
Relative,Chemistry
Lattice,Chemistry
Energies,Chemistry
Contained,Chemistry
Various,Chemistry
Dissociation,Chemistry
BDE,Chemistry
Dot,Chemistry
Octet,Chemistry
Lone,Chemistry
Pairs,Chemistry
Lewis,Chemistry
Exceptions,Chemistry
Expanded,Chemistry
Drawing,Chemistry
Resonance,Chemistry
Nonequivalent,Chemistry
Formal,Chemistry
Geometry,Chemistry
VSEPR,Chemistry
Shell,Chemistry
Pair,Chemistry
Repulsion,Chemistry
Linear,Chemistry
Trigonal,Chemistry
Planar,Chemistry
Tetrahedral,Chemistry
Pyramidal,Chemistry
Bent,Chemistry
Bipyramidal,Chemistry
Octahedral,Chemistry
Hybridization,Chemistry
Hybrid,Chemistry
Localized,Chemistry
Effective,Chemistry
Sigma,Chemistry
Pi,Chemistry
sp,Chemistry
MO,Chemistry
Antibonding,Chemistry
Order,Chemistry
Homonuclear,Chemistry
Diatomic,Chemistry
Paramagnetic,Chemistry
Diamagnetic,Chemistry
Mixing,Chemistry
Heteronuclear,Chemistry
Always,Chemistry
Observed,Chemistry
LDF,Chemistry
IMF,Chemistry
London,Chemistry
Dispersion,Chemistry
Closer,Chemistry
Look,Chemistry
Instantaneous,Chemistry
Dipoles,Chemistry
Induced,Chemistry
Liquid,Chemistry
Surface,Chemistry
Tension,Chemistry
Capillary,Chemistry
Action,Chemistry
Cohesive,Chemistry
Adhesive,Chemistry
Amorphous,Chemistry
Crystalline,Chemistry
Framework,Chemistry
Simple,Chemistry
Cubic,Chemistry
Cells,Chemistry
Body,Chemistry
Centered,Chemistry
bcc,Chemistry
Face,Chemistry
fcc,Chemistry
Hexagonal,Chemistry
Closest,Chemistry
Packing,Chemistry
Arrangements,Chemistry
Network,Chemistry
Metallic,Chemistry
Sea,Chemistry
Metal,Chemistry
Alloys,Chemistry
Substitutional,Chemistry
Interstitial,Chemistry
Semiconductors,Chemistry
type,Chemistry
Vapor,Chemistry
Vaporization,Chemistry
Dynamic,Chemistry
Volatile,Chemistry
Heating,Chemistry
Curve,Chemistry
Fusion,Chemistry
Normal,Chemistry
Melting,Chemistry
Points,Chemistry
Boiling,Chemistry
Phase,Chemistry
Diagrams,Chemistry
Molality,Chemistry
Fraction,Chemistry
Normality,Chemistry
Effects,Chemistry
Henry,Chemistry
Solid,Chemistry
Nonvolatile,Chemistry
Raoult,Chemistry
Colligative,Chemistry
Freezing,Chemistry
Osmotic,Chemistry
Hoff,Chemistry
Factor,Chemistry
Isotonic,Chemistry
Pairing,Chemistry